pass,   5
pass,  99
pass,  97
pass,  39
pass,  83
pass,  95
pass,  15
pass,  35
pass,  15
pass,   5
pass,  65
pass,  55
pass,  15
pass,  49
pass,  67
pass,  71
pass,  43
pass,  59
pass,  89
pass,  37
pass,  33
pass,   9
pass,   9
pass,  75
pass,  93
pass,  95
pass,  67
pass,   5
pass,  77
pass,  41
pass,  51
pass,  91
pass,  67
pass,  51
pass,  89
pass,  79
pass,  79
pass,  39
pass,  23
pass,  43
pass,  99
pass,  97
pass,  97
pass,  25
pass,  69
pass,   5
pass,  37
pass,  83
pass,  47
pass,  33
pass,  57
pass,  65
pass,   7
pass,  55
pass,  91
pass,  25
pass,   7
pass,   9
pass,  55
pass,  59
pass,  77
pass,  25
pass,  31
pass,  27
pass,  38
pass,  62
pass,  73
pass,  89
pass,  79
pass,  69
pass,  99
pass,  85
pass,  89
pass,  99
pass,  83
pass,  53
pass,  53
pass,  87
pass,  53
pass,  35
pass,  21
pass,  33
pass,  65
pass,  59
pass,   7
pass,  43
pass,  27
pass,  67
pass,   9
pass,  97
pass,  49
pass,   1
pass,  27
pass,  45
pass,  79
pass,  69
pass,  21
pass,   3
pass,  23
pass,  87
pass,  37
pass,  97
pass,  11
pass,  91
pass,   1
pass,  65
pass,  79
pass,   9
pass,  47
pass,  39
pass,  57
pass,  79
pass,  69
pass,  97
pass,  13
pass,  35
pass,  35
pass,   1
pass,  69
pass,  85
pass,  25
pass,  57
pass,   3
pass,  73
pass,  45
pass,  91
pass,  47
pass,  91
pass,  96
pass, 166
pass,  93
pass,  67
pass,  15
pass,  17
pass,  47
pass,  35
pass,  49
pass,  63
pass,  85
pass,  23
pass,  95
pass,  41
pass,  89
pass,  27
pass,  71
pass,  15
pass,  99
pass,  99
pass,  81
pass,  87
pass,   3
pass,  33
pass,  89
pass,  47
pass,  83
pass,  41
pass,  15
pass,   3
pass,  53
pass,  53
pass,  79
pass,  51
pass,  49
pass,  21
pass,  39
pass,  51
pass,  65
pass,  71
pass,  93
pass,  91
pass,  55
pass,  93
pass,  53
pass,  77
pass,  15
pass,  71
pass,  85
pass,  85
pass,  39
pass,  15
pass,  45
pass,  25
pass,  73
pass,  23
pass,  33
pass,  81
pass,  93
pass,  99
pass,  85
pass,  95
pass,  53
pass,  97
pass,  56
pass, 138
pass,  59
pass,  25
pass,  25
pass,  13
pass,  35
pass,  73
pass,  73
pass,  39
pass,  21
pass,  41
pass,  23
pass,  55
pass,   1
pass,   7
pass,  53
pass,  87
pass,  95
pass,  91
pass,  43
pass,   9
pass,  49
pass,  39
pass,   5
pass,  11
pass,  45
pass,  23
pass,  99
pass,  51
pass,  43
pass,  37
pass,  45
pass,  41
pass,  21
pass,  19
pass,  15
pass,  59
pass,  63
pass,  11
pass,  65
pass,  63
pass,  99
pass,  13
pass,  23
pass,  43
pass,  41
pass,  47
pass,  69
pass,  95
pass,  97
pass,   3
pass,  19
pass,  51
pass,  21
pass,  69
pass,  55
pass,  37
pass,  83
pass,  61
pass,  25
pass,  35
pass,  93
pass,  13
fail,  13
