pass,     1
pass,     2
pass,     3
pass,     4
pass,     5
pass,     6
pass,     7
pass,     8
pass,     9
pass,    10
pass,    11
pass,    12
pass,    13
pass,    14
pass,    15
pass,    16
pass,    17
pass,    18
pass,    19
pass,    20
pass,    21
pass,    22
pass,    23
pass,    24
pass,    25
pass,    26
pass,    27
pass,    28
pass,    29
pass,    30
pass,    31
pass,    32
pass,    33
pass,    34
pass,    35
pass,    36
pass,    37
pass,    38
pass,    39
pass,    40
pass,    41
pass,    42
pass,    43
pass,    44
pass,    45
pass,    46
pass,    47
pass,    48
pass,    49
pass,    50
pass,    51
pass,    52
pass,    53
pass,    54
pass,    55
pass,    56
pass,    57
pass,    58
pass,    59
pass,    60
pass,    61
pass,    62
pass,    63
pass,    64
pass,    65
pass,    66
pass,    67
pass,    68
pass,    69
pass,    70
pass,    71
pass,    72
pass,    73
pass,    74
pass,    75
pass,    76
pass,    77
pass,    78
pass,    79
pass,    80
pass,    81
pass,    82
pass,    83
pass,    84
pass,    85
pass,    86
pass,    87
pass,    88
pass,    89
pass,    90
pass,    91
pass,    92
pass,    93
pass,    94
pass,    95
pass,    96
pass,    97
pass,    98
pass,    99
pass,   100
pass,   101
pass,   102
pass,   103
pass,   104
pass,   105
pass,   106
pass,   107
pass,   108
pass,   109
pass,   110
pass,   111
pass,   112
pass,   113
pass,   114
pass,   115
pass,   116
pass,   117
pass,   118
pass,   119
pass,   120
pass,   121
pass,   122
pass,   123
pass,   124
pass,   125
pass,   126
pass,   127
pass,   128
pass,   129
pass,   130
pass,   131
pass,   132
pass,   133
pass,   134
pass,   135
pass,   136
pass,   137
pass,   138
pass,   139
pass,   140
pass,   141
pass,   142
pass,   143
pass,   144
pass,   145
pass,   146
pass,   147
pass,   148
pass,   149
pass,   150
pass,   151
pass,   152
pass,   153
pass,   154
pass,   155
pass,   156
pass,   157
pass,   158
pass,   159
pass,   160
pass,   161
pass,   162
pass,   163
pass,   164
pass,   165
pass,   166
pass,   167
pass,   168
pass,   169
pass,   170
pass,   171
pass,   172
pass,   173
pass,   174
pass,   175
pass,   176
pass,   177
pass,   178
pass,   179
pass,   180
pass,   181
pass,   182
pass,   183
pass,   184
pass,   185
pass,   186
pass,   187
pass,   188
pass,   189
pass,   190
pass,   191
pass,   192
pass,   193
pass,   194
pass,   195
pass,   196
pass,   197
pass,   198
pass,   199
pass,   200
pass,   201
pass,   202
pass,   203
pass,   204
pass,   205
pass,   206
pass,   207
pass,   208
pass,   209
pass,   210
pass,   211
pass,   212
pass,   213
pass,   214
pass,   215
pass,   216
pass,   217
pass,   218
pass,   219
pass,   220
pass,   221
pass,   222
pass,   223
pass,   224
pass,   225
pass,   226
pass,   227
pass,   228
pass,   229
pass,   230
pass,   231
pass,   232
pass,   233
pass,   234
pass,   235
pass,   236
pass,   237
pass,   238
pass,   239
pass,   240
pass,   241
pass,   242
pass,   243
pass,   244
pass,   245
pass,   246
pass,   247
pass,   248
pass,   249
pass,   250
pass,   251
pass,   252
pass,   253
pass,   254
pass,   255
pass,   256
pass,   257
pass,   258
pass,   259
pass,   260
pass,   261
pass,   262
pass,   263
pass,   264
pass,   265
pass,   266
pass,   267
pass,   268
pass,   269
pass,   270
pass,   271
pass,   272
pass,   273
pass,   274
pass,   275
pass,   276
pass,   277
pass,   278
pass,   279
pass,   280
pass,   281
pass,   282
pass,   283
pass,   284
pass,   285
pass,   286
pass,   287
pass,   288
pass,   289
pass,   290
pass,   291
pass,   292
pass,   293
pass,   294
pass,   295
pass,   296
pass,   297
pass,   298
pass,   299
pass,   300
pass,   301
pass,   302
pass,   303
pass,   304
pass,   305
pass,   306
pass,   307
pass,   308
pass,   309
pass,   310
pass,   311
pass,   312
pass,   313
pass,   314
pass,   315
pass,   316
pass,   317
pass,   318
pass,   319
pass,   320
pass,   321
pass,   322
pass,   323
pass,   324
pass,   325
pass,   326
pass,   327
pass,   328
pass,   329
pass,   330
pass,   331
pass,   332
pass,   333
pass,   334
pass,   335
pass,   336
pass,   337
pass,   338
pass,   339
pass,   340
pass,   341
pass,   342
pass,   343
pass,   344
pass,   345
pass,   346
pass,   347
pass,   348
pass,   349
pass,   350
pass,   351
pass,   352
pass,   353
pass,   354
pass,   355
pass,   356
pass,   357
pass,   358
pass,   359
pass,   360
pass,   361
pass,   362
pass,   363
pass,   364
pass,   365
pass,   366
pass,   367
pass,   368
pass,   369
pass,   370
pass,   371
pass,   372
pass,   373
pass,   374
pass,   375
pass,   376
pass,   377
pass,   378
pass,   379
pass,   380
pass,   381
pass,   382
pass,   383
pass,   384
pass,   385
pass,   386
pass,   387
pass,   388
pass,   389
pass,   390
pass,   391
pass,   392
pass,   393
pass,   394
pass,   395
pass,   396
pass,   397
pass,   398
pass,   399
pass,   400
pass,   401
pass,   402
pass,   403
pass,   404
pass,   405
pass,   406
pass,   407
pass,   408
pass,   409
pass,   410
pass,   411
pass,   412
pass,   413
pass,   414
pass,   415
pass,   416
pass,   417
pass,   418
pass,   419
pass,   420
pass,   421
pass,   422
pass,   423
pass,   424
pass,   425
pass,   426
pass,   427
pass,   428
pass,   429
pass,   430
pass,   431
pass,   432
pass,   433
pass,   434
pass,   435
pass,   436
pass,   437
pass,   438
pass,   439
pass,   440
pass,   441
pass,   442
pass,   443
pass,   444
pass,   445
pass,   446
pass,   447
pass,   448
pass,   449
pass,   450
pass,   451
pass,   452
pass,   453
pass,   454
pass,   455
pass,   456
pass,   457
pass,   458
pass,   459
pass,   460
pass,   461
pass,   462
pass,   463
pass,   464
pass,   465
pass,   466
pass,   467
pass,   468
pass,   469
pass,   470
pass,   471
pass,   472
pass,   473
pass,   474
pass,   475
pass,   476
pass,   477
pass,   478
pass,   479
pass,   480
pass,   481
pass,   482
pass,   483
pass,   484
pass,   485
pass,   486
pass,   487
pass,   488
pass,   489
pass,   490
pass,   491
pass,   492
pass,   493
pass,   494
pass,   495
pass,   496
pass,   497
pass,   498
pass,   499
pass,   500
pass,   501
pass,   502
pass,   503
pass,   504
pass,   505
pass,   506
pass,   507
pass,   508
pass,   509
pass,   510
pass,   511
pass,   512
pass,   513
pass,   514
pass,   515
pass,   516
pass,   517
pass,   518
pass,   519
pass,   520
pass,   521
pass,   522
pass,   523
pass,   524
pass,   525
pass,   526
pass,   527
pass,   528
pass,   529
pass,   530
pass,   531
pass,   532
pass,   533
pass,   534
pass,   535
pass,   536
pass,   537
pass,   538
pass,   539
pass,   540
pass,   541
pass,   542
pass,   543
pass,   544
pass,   545
pass,   546
pass,   547
pass,   548
pass,   549
pass,   550
pass,   551
pass,   552
pass,   553
pass,   554
pass,   555
pass,   556
pass,   557
pass,   558
pass,   559
pass,   560
pass,   561
pass,   562
pass,   563
pass,   564
pass,   565
pass,   566
pass,   567
pass,   568
pass,   569
pass,   570
pass,   571
pass,   572
pass,   573
pass,   574
pass,   575
pass,   576
pass,   577
pass,   578
pass,   579
pass,   580
pass,   581
pass,   582
pass,   583
pass,   584
pass,   585
pass,   586
pass,   587
pass,   588
pass,   589
pass,   590
pass,   591
pass,   592
pass,   593
pass,   594
pass,   595
pass,   596
pass,   597
pass,   598
pass,   599
pass,   600
pass,   601
pass,   602
pass,   603
pass,   604
pass,   605
pass,   606
pass,   607
pass,   608
pass,   609
pass,   610
pass,   611
pass,   612
pass,   613
pass,   614
pass,   615
pass,   616
pass,   617
pass,   618
pass,   619
pass,   620
pass,   621
pass,   622
pass,   623
pass,   624
pass,   625
pass,   626
pass,   627
pass,   628
pass,   629
pass,   630
pass,   631
pass,   632
pass,   633
pass,   634
pass,   635
pass,   636
pass,   637
pass,   638
pass,   639
pass,   640
pass,   641
pass,   642
pass,   643
pass,   644
pass,   645
pass,   646
pass,   647
pass,   648
pass,   649
pass,   650
pass,   651
pass,   652
pass,   653
pass,   654
pass,   655
pass,   656
pass,   657
pass,   658
pass,   659
pass,   660
pass,   661
pass,   662
pass,   663
pass,   664
pass,   665
pass,   666
pass,   667
pass,   668
pass,   669
pass,   670
pass,   671
pass,   672
pass,   673
pass,   674
pass,   675
pass,   676
pass,   677
pass,   678
pass,   679
pass,   680
pass,   681
pass,   682
pass,   683
pass,   684
pass,   685
pass,   686
pass,   687
pass,   688
pass,   689
pass,   690
pass,   691
pass,   692
pass,   693
pass,   694
pass,   695
pass,   696
pass,   697
pass,   698
pass,   699
pass,   700
pass,   701
pass,   702
pass,   703
pass,   704
pass,   705
pass,   706
pass,   707
pass,   708
pass,   709
pass,   710
pass,   711
pass,   712
pass,   713
pass,   714
pass,   715
pass,   716
pass,   717
pass,   718
pass,   719
pass,   720
pass,   721
pass,   722
pass,   723
pass,   724
pass,   725
pass,   726
pass,   727
pass,   728
pass,   729
pass,   730
pass,   731
pass,   732
pass,   733
pass,   734
pass,   735
pass,   736
pass,   737
pass,   738
pass,   739
pass,   740
pass,   741
pass,   742
pass,   743
pass,   744
pass,   745
pass,   746
pass,   747
pass,   748
pass,   749
pass,   750
pass,   751
pass,   752
pass,   753
pass,   754
pass,   755
pass,   756
pass,   757
pass,   758
pass,   759
pass,   760
pass,   761
pass,   762
pass,   763
pass,   764
pass,   765
pass,   766
pass,   767
pass,   768
pass,   769
pass,   770
pass,   771
pass,   772
pass,   773
pass,   774
pass,   775
pass,   776
pass,   777
pass,   778
pass,   779
pass,   780
pass,   781
pass,   782
pass,   783
pass,   784
pass,   785
pass,   786
pass,   787
pass,   788
pass,   789
pass,   790
pass,   791
pass,   792
pass,   793
pass,   794
pass,   795
pass,   796
pass,   797
pass,   798
pass,   799
pass,   800
pass,   801
pass,   802
pass,   803
pass,   804
pass,   805
pass,   806
pass,   807
pass,   808
pass,   809
pass,   810
pass,   811
pass,   812
pass,   813
pass,   814
pass,   815
pass,   816
pass,   817
pass,   818
pass,   819
pass,   820
pass,   821
pass,   822
pass,   823
pass,   824
pass,   825
pass,   826
pass,   827
pass,   828
pass,   829
pass,   830
pass,   831
pass,   832
pass,   833
pass,   834
pass,   835
pass,   836
pass,   837
pass,   838
pass,   839
pass,   840
pass,   841
pass,   842
pass,   843
pass,   844
pass,   845
pass,   846
pass,   847
pass,   848
pass,   849
pass,   850
pass,   851
pass,   852
pass,   853
pass,   854
pass,   855
pass,   856
pass,   857
pass,   858
pass,   859
pass,   860
pass,   861
pass,   862
pass,   863
pass,   864
pass,   865
pass,   866
pass,   867
pass,   868
pass,   869
pass,   870
pass,   871
pass,   872
pass,   873
pass,   874
pass,   875
pass,   876
pass,   877
pass,   878
pass,   879
pass,   880
pass,   881
pass,   882
pass,   883
pass,   884
pass,   885
pass,   886
pass,   887
pass,   888
pass,   889
pass,   890
pass,   891
pass,   892
pass,   893
pass,   894
pass,   895
pass,   896
pass,   897
pass,   898
pass,   899
pass,   900
pass,   901
pass,   902
pass,   903
pass,   904
pass,   905
pass,   906
pass,   907
pass,   908
pass,   909
pass,   910
pass,   911
pass,   912
pass,   913
pass,   914
pass,   915
pass,   916
pass,   917
pass,   918
pass,   919
pass,   920
pass,   921
pass,   922
pass,   923
pass,   924
pass,   925
pass,   926
pass,   927
pass,   928
pass,   929
pass,   930
pass,   931
pass,   932
pass,   933
pass,   934
pass,   935
pass,   936
pass,   937
pass,   938
pass,   939
pass,   940
pass,   941
pass,   942
pass,   943
pass,   944
pass,   945
pass,   946
pass,   947
pass,   948
pass,   949
pass,   950
pass,   951
pass,   952
pass,   953
pass,   954
pass,   955
pass,   956
pass,   957
pass,   958
pass,   959
pass,   960
pass,   961
pass,   962
pass,   963
pass,   964
pass,   965
pass,   966
pass,   967
pass,   968
pass,   969
pass,   970
pass,   971
pass,   972
pass,   973
pass,   974
pass,   975
pass,   976
pass,   977
pass,   978
pass,   979
pass,   980
pass,   981
pass,   982
pass,   983
pass,   984
pass,   985
pass,   986
pass,   987
pass,   988
pass,   989
pass,   990
pass,   991
pass,   992
pass,   993
pass,   994
pass,   995
pass,   996
pass,   997
pass,   998
pass,   999
pass,  1000
pass,  1001
pass,  1002
pass,  1003
pass,  1004
pass,  1005
pass,  1006
pass,  1007
pass,  1008
pass,  1009
pass,  1010
pass,  1011
pass,  1012
pass,  1013
pass,  1014
pass,  1015
pass,  1016
pass,  1017
pass,  1018
pass,  1019
pass,  1020
pass,  1021
pass,  1022
pass,  1023
pass,  1024
pass,  1025
pass,  1026
pass,  1027
pass,  1028
pass,  1029
pass,  1030
pass,  1031
pass,  1032
pass,  1033
pass,  1034
pass,  1035
pass,  1036
pass,  1037
pass,  1038
pass,  1039
pass,  1040
pass,  1041
pass,  1042
pass,  1043
pass,  1044
pass,  1045
pass,  1046
pass,  1047
pass,  1048
pass,  1049
pass,  1050
pass,  1051
pass,  1052
pass,  1053
pass,  1054
pass,  1055
pass,  1056
pass,  1057
pass,  1058
pass,  1059
pass,  1060
pass,  1061
pass,  1062
pass,  1063
pass,  1064
pass,  1065
pass,  1066
pass,  1067
pass,  1068
pass,  1069
pass,  1070
pass,  1071
pass,  1072
pass,  1073
pass,  1074
pass,  1075
pass,  1076
pass,  1077
pass,  1078
pass,  1079
pass,  1080
pass,  1081
pass,  1082
pass,  1083
pass,  1084
pass,  1085
pass,  1086
pass,  1087
pass,  1088
pass,  1089
pass,  1090
pass,  1091
pass,  1092
pass,  1093
pass,  1094
pass,  1095
pass,  1096
pass,  1097
pass,  1098
pass,  1099
pass,  1100
pass,  1101
pass,  1102
pass,  1103
pass,  1104
pass,  1105
pass,  1106
pass,  1107
pass,  1108
pass,  1109
pass,  1110
pass,  1111
pass,  1112
pass,  1113
pass,  1114
pass,  1115
pass,  1116
pass,  1117
pass,  1118
pass,  1119
pass,  1120
pass,  1121
pass,  1122
pass,  1123
pass,  1124
pass,  1125
pass,  1126
pass,  1127
pass,  1128
pass,  1129
pass,  1130
pass,  1131
pass,  1132
pass,  1133
pass,  1134
pass,  1135
pass,  1136
pass,  1137
pass,  1138
pass,  1139
pass,  1140
pass,  1141
pass,  1142
pass,  1143
pass,  1144
pass,  1145
pass,  1146
pass,  1147
pass,  1148
pass,  1149
pass,  1150
pass,  1151
pass,  1152
pass,  1153
pass,  1154
pass,  1155
pass,  1156
pass,  1157
pass,  1158
pass,  1159
pass,  1160
pass,  1161
pass,  1162
pass,  1163
pass,  1164
pass,  1165
pass,  1166
pass,  1167
pass,  1168
pass,  1169
pass,  1170
pass,  1171
pass,  1172
pass,  1173
pass,  1174
pass,  1175
pass,  1176
pass,  1177
pass,  1178
pass,  1179
pass,  1180
pass,  1181
pass,  1182
pass,  1183
pass,  1184
pass,  1185
pass,  1186
pass,  1187
pass,  1188
pass,  1189
pass,  1190
pass,  1191
pass,  1192
pass,  1193
pass,  1194
pass,  1195
pass,  1196
pass,  1197
pass,  1198
pass,  1199
pass,  1200
pass,  1201
pass,  1202
pass,  1203
pass,  1204
pass,  1205
pass,  1206
pass,  1207
pass,  1208
pass,  1209
pass,  1210
pass,  1211
pass,  1212
pass,  1213
pass,  1214
pass,  1215
pass,  1216
pass,  1217
pass,  1218
pass,  1219
pass,  1220
pass,  1221
pass,  1222
pass,  1223
pass,  1224
pass,  1225
pass,  1226
pass,  1227
pass,  1228
pass,  1229
pass,  1230
pass,  1231
pass,  1232
pass,  1233
pass,  1234
pass,  1235
pass,  1236
pass,  1237
pass,  1238
pass,  1239
pass,  1240
pass,  1241
pass,  1242
pass,  1243
pass,  1244
pass,  1245
pass,  1246
pass,  1247
pass,  1248
pass,  1249
pass,  1250
pass,  1251
pass,  1252
pass,  1253
pass,  1254
pass,  1255
pass,  1256
pass,  1257
pass,  1258
pass,  1259
pass,  1260
pass,  1261
pass,  1262
pass,  1263
pass,  1264
pass,  1265
pass,  1266
pass,  1267
pass,  1268
pass,  1269
pass,  1270
pass,  1271
pass,  1272
pass,  1273
pass,  1274
pass,  1275
pass,  1276
pass,  1277
pass,  1278
pass,  1279
pass,  1280
pass,  1281
pass,  1282
pass,  1283
pass,  1284
pass,  1285
pass,  1286
pass,  1287
pass,  1288
pass,  1289
pass,  1290
pass,  1291
pass,  1292
pass,  1293
pass,  1294
pass,  1295
pass,  1296
pass,  1297
pass,  1298
pass,  1299
pass,  1300
pass,  1301
pass,  1302
pass,  1303
pass,  1304
pass,  1305
pass,  1306
pass,  1307
pass,  1308
pass,  1309
pass,  1310
pass,  1311
pass,  1312
pass,  1313
pass,  1314
pass,  1315
pass,  1316
pass,  1317
pass,  1318
pass,  1319
pass,  1320
pass,  1321
pass,  1322
pass,  1323
pass,  1324
pass,  1325
pass,  1326
pass,  1327
pass,  1328
pass,  1329
pass,  1330
pass,  1331
pass,  1332
pass,  1333
pass,  1334
pass,  1335
pass,  1336
pass,  1337
pass,  1338
pass,  1339
pass,  1340
pass,  1341
pass,  1342
pass,  1343
pass,  1344
pass,  1345
pass,  1346
pass,  1347
pass,  1348
pass,  1349
pass,  1350
pass,  1351
pass,  1352
pass,  1353
pass,  1354
pass,  1355
pass,  1356
pass,  1357
pass,  1358
pass,  1359
pass,  1360
pass,  1361
pass,  1362
pass,  1363
pass,  1364
pass,  1365
pass,  1366
pass,  1367
pass,  1368
pass,  1369
pass,  1370
pass,  1371
pass,  1372
pass,  1373
pass,  1374
pass,  1375
pass,  1376
pass,  1377
pass,  1378
pass,  1379
pass,  1380
pass,  1381
pass,  1382
pass,  1383
pass,  1384
pass,  1385
pass,  1386
pass,  1387
pass,  1388
pass,  1389
pass,  1390
pass,  1391
pass,  1392
pass,  1393
pass,  1394
pass,  1395
pass,  1396
pass,  1397
pass,  1398
pass,  1399
pass,  1400
pass,  1401
pass,  1402
pass,  1403
pass,  1404
pass,  1405
pass,  1406
pass,  1407
pass,  1408
pass,  1409
pass,  1410
pass,  1411
pass,  1412
pass,  1413
pass,  1414
pass,  1415
pass,  1416
pass,  1417
pass,  1418
pass,  1419
pass,  1420
pass,  1421
pass,  1422
pass,  1423
pass,  1424
pass,  1425
pass,  1426
pass,  1427
pass,  1428
pass,  1429
pass,  1430
pass,  1431
pass,  1432
pass,  1433
pass,  1434
pass,  1435
pass,  1436
pass,  1437
pass,  1438
pass,  1439
pass,  1440
pass,  1441
pass,  1442
pass,  1443
pass,  1444
pass,  1445
pass,  1446
pass,  1447
pass,  1448
pass,  1449
pass,  1450
pass,  1451
pass,  1452
pass,  1453
pass,  1454
pass,  1455
pass,  1456
pass,  1457
pass,  1458
pass,  1459
pass,  1460
pass,  1461
pass,  1462
pass,  1463
pass,  1464
pass,  1465
pass,  1466
pass,  1467
pass,  1468
pass,  1469
pass,  1470
pass,  1471
pass,  1472
pass,  1473
pass,  1474
pass,  1475
pass,  1476
pass,  1477
pass,  1478
pass,  1479
pass,  1480
pass,  1481
pass,  1482
pass,  1483
pass,  1484
pass,  1485
pass,  1486
pass,  1487
pass,  1488
pass,  1489
pass,  1490
pass,  1491
pass,  1492
pass,  1493
pass,  1494
pass,  1495
pass,  1496
pass,  1497
pass,  1498
pass,  1499
pass,  1500
pass,  1501
pass,  1502
pass,  1503
pass,  1504
pass,  1505
pass,  1506
pass,  1507
pass,  1508
pass,  1509
pass,  1510
pass,  1511
pass,  1512
pass,  1513
pass,  1514
pass,  1515
pass,  1516
pass,  1517
pass,  1518
pass,  1519
pass,  1520
pass,  1521
pass,  1522
pass,  1523
pass,  1524
pass,  1525
pass,  1526
pass,  1527
pass,  1528
pass,  1529
pass,  1530
pass,  1531
pass,  1532
pass,  1533
pass,  1534
pass,  1535
pass,  1536
pass,  1537
pass,  1538
pass,  1539
pass,  1540
pass,  1541
pass,  1542
pass,  1543
pass,  1544
pass,  1545
pass,  1546
pass,  1547
pass,  1548
pass,  1549
pass,  1550
pass,  1551
pass,  1552
pass,  1553
pass,  1554
pass,  1555
pass,  1556
pass,  1557
pass,  1558
pass,  1559
pass,  1560
pass,  1561
pass,  1562
pass,  1563
pass,  1564
pass,  1565
pass,  1566
pass,  1567
pass,  1568
pass,  1569
pass,  1570
pass,  1571
pass,  1572
pass,  1573
pass,  1574
pass,  1575
pass,  1576
pass,  1577
pass,  1578
pass,  1579
pass,  1580
pass,  1581
pass,  1582
pass,  1583
pass,  1584
pass,  1585
pass,  1586
pass,  1587
pass,  1588
pass,  1589
pass,  1590
pass,  1591
pass,  1592
pass,  1593
pass,  1594
pass,  1595
pass,  1596
pass,  1597
pass,  1598
pass,  1599
pass,  1600
pass,  1601
pass,  1602
pass,  1603
pass,  1604
pass,  1605
pass,  1606
pass,  1607
pass,  1608
pass,  1609
pass,  1610
pass,  1611
pass,  1612
pass,  1613
pass,  1614
pass,  1615
pass,  1616
pass,  1617
pass,  1618
pass,  1619
pass,  1620
pass,  1621
pass,  1622
pass,  1623
pass,  1624
pass,  1625
pass,  1626
pass,  1627
pass,  1628
pass,  1629
pass,  1630
pass,  1631
pass,  1632
pass,  1633
pass,  1634
pass,  1635
pass,  1636
pass,  1637
pass,  1638
pass,  1639
pass,  1640
pass,  1641
pass,  1642
pass,  1643
pass,  1644
pass,  1645
pass,  1646
pass,  1647
pass,  1648
pass,  1649
pass,  1650
pass,  1651
pass,  1652
pass,  1653
pass,  1654
pass,  1655
pass,  1656
pass,  1657
pass,  1658
pass,  1659
pass,  1660
pass,  1661
pass,  1662
pass,  1663
pass,  1664
pass,  1665
pass,  1666
pass,  1667
pass,  1668
pass,  1669
pass,  1670
pass,  1671
pass,  1672
pass,  1673
pass,  1674
pass,  1675
pass,  1676
pass,  1677
pass,  1678
pass,  1679
pass,  1680
pass,  1681
pass,  1682
pass,  1683
pass,  1684
pass,  1685
pass,  1686
pass,  1687
pass,  1688
pass,  1689
pass,  1690
pass,  1691
pass,  1692
pass,  1693
pass,  1694
pass,  1695
pass,  1696
pass,  1697
pass,  1698
pass,  1699
pass,  1700
pass,  1701
pass,  1702
pass,  1703
pass,  1704
pass,  1705
pass,  1706
pass,  1707
pass,  1708
pass,  1709
pass,  1710
pass,  1711
pass,  1712
pass,  1713
pass,  1714
pass,  1715
pass,  1716
pass,  1717
pass,  1718
pass,  1719
pass,  1720
pass,  1721
pass,  1722
pass,  1723
pass,  1724
pass,  1725
pass,  1726
pass,  1727
pass,  1728
pass,  1729
pass,  1730
pass,  1731
pass,  1732
pass,  1733
pass,  1734
pass,  1735
pass,  1736
pass,  1737
pass,  1738
pass,  1739
pass,  1740
pass,  1741
pass,  1742
pass,  1743
pass,  1744
pass,  1745
pass,  1746
pass,  1747
pass,  1748
pass,  1749
pass,  1750
pass,  1751
pass,  1752
pass,  1753
pass,  1754
pass,  1755
pass,  1756
pass,  1757
pass,  1758
pass,  1759
pass,  1760
pass,  1761
pass,  1762
pass,  1763
pass,  1764
pass,  1765
pass,  1766
pass,  1767
pass,  1768
pass,  1769
pass,  1770
pass,  1771
pass,  1772
pass,  1773
pass,  1774
pass,  1775
pass,  1776
pass,  1777
pass,  1778
pass,  1779
pass,  1780
pass,  1781
pass,  1782
pass,  1783
pass,  1784
pass,  1785
pass,  1786
pass,  1787
pass,  1788
pass,  1789
pass,  1790
pass,  1791
pass,  1792
pass,  1793
pass,  1794
pass,  1795
pass,  1796
pass,  1797
pass,  1798
pass,  1799
pass,  1800
pass,  1801
pass,  1802
pass,  1803
pass,  1804
pass,  1805
pass,  1806
pass,  1807
pass,  1808
pass,  1809
pass,  1810
pass,  1811
pass,  1812
pass,  1813
pass,  1814
pass,  1815
pass,  1816
pass,  1817
pass,  1818
pass,  1819
pass,  1820
pass,  1821
pass,  1822
pass,  1823
pass,  1824
pass,  1825
pass,  1826
pass,  1827
pass,  1828
pass,  1829
pass,  1830
pass,  1831
pass,  1832
pass,  1833
pass,  1834
pass,  1835
pass,  1836
pass,  1837
pass,  1838
pass,  1839
pass,  1840
pass,  1841
pass,  1842
pass,  1843
pass,  1844
pass,  1845
pass,  1846
pass,  1847
pass,  1848
pass,  1849
pass,  1850
pass,  1851
pass,  1852
pass,  1853
pass,  1854
pass,  1855
pass,  1856
pass,  1857
pass,  1858
pass,  1859
pass,  1860
pass,  1861
pass,  1862
pass,  1863
pass,  1864
pass,  1865
pass,  1866
pass,  1867
pass,  1868
pass,  1869
pass,  1870
pass,  1871
pass,  1872
pass,  1873
pass,  1874
pass,  1875
pass,  1876
pass,  1877
pass,  1878
pass,  1879
pass,  1880
pass,  1881
pass,  1882
pass,  1883
pass,  1884
pass,  1885
pass,  1886
pass,  1887
pass,  1888
pass,  1889
pass,  1890
pass,  1891
pass,  1892
pass,  1893
pass,  1894
pass,  1895
pass,  1896
pass,  1897
pass,  1898
pass,  1899
pass,  1900
pass,  1901
pass,  1902
pass,  1903
pass,  1904
pass,  1905
pass,  1906
pass,  1907
pass,  1908
pass,  1909
pass,  1910
pass,  1911
pass,  1912
pass,  1913
pass,  1914
pass,  1915
pass,  1916
pass,  1917
pass,  1918
pass,  1919
pass,  1920
pass,  1921
pass,  1922
pass,  1923
pass,  1924
pass,  1925
pass,  1926
pass,  1927
pass,  1928
pass,  1929
pass,  1930
pass,  1931
pass,  1932
pass,  1933
pass,  1934
pass,  1935
pass,  1936
pass,  1937
pass,  1938
pass,  1939
pass,  1940
pass,  1941
pass,  1942
pass,  1943
pass,  1944
pass,  1945
pass,  1946
pass,  1947
pass,  1948
pass,  1949
pass,  1950
pass,  1951
pass,  1952
pass,  1953
pass,  1954
pass,  1955
pass,  1956
pass,  1957
pass,  1958
pass,  1959
pass,  1960
pass,  1961
pass,  1962
pass,  1963
pass,  1964
pass,  1965
pass,  1966
pass,  1967
pass,  1968
pass,  1969
pass,  1970
pass,  1971
pass,  1972
pass,  1973
pass,  1974
pass,  1975
pass,  1976
pass,  1977
pass,  1978
pass,  1979
pass,  1980
pass,  1981
pass,  1982
pass,  1983
pass,  1984
pass,  1985
pass,  1986
pass,  1987
pass,  1988
pass,  1989
pass,  1990
pass,  1991
pass,  1992
pass,  1993
pass,  1994
pass,  1995
pass,  1996
pass,  1997
pass,  1998
pass,  1999
pass,  2000
pass,  2001
pass,  2002
pass,  2003
pass,  2004
pass,  2005
pass,  2006
pass,  2007
pass,  2008
pass,  2009
pass,  2010
pass,  2011
pass,  2012
pass,  2013
pass,  2014
pass,  2015
pass,  2016
pass,  2017
pass,  2018
pass,  2019
pass,  2020
pass,  2021
pass,  2022
pass,  2023
pass,  2024
pass,  2025
pass,  2026
pass,  2027
pass,  2028
pass,  2029
pass,  2030
pass,  2031
pass,  2032
pass,  2033
pass,  2034
pass,  2035
pass,  2036
pass,  2037
pass,  2038
pass,  2039
pass,  2040
pass,  2041
pass,  2042
pass,  2043
pass,  2044
pass,  2045
pass,  2046
pass,  2047
pass,  2048
fail,     x
